<?xml version="1.0" encoding="utf-8"?>
<browserconfig>
  <msapplication>
    <tile>
      <square70x70logo src="/app/themes/volumio/assets/touch-icons/mstile-70x70.png"/>
      <square150x150logo src="/app/themes/volumio/assets/touch-icons/mstile-150x150.png"/>
      <square310x310logo src="/app/themes/volumio/assets/touch-icons/mstile-310x310.png"/>
      <wide310x150logo src="/app/themes/volumio/assets/touch-icons/mstile-310x150.png"/>
      <TileColor>#4bbe87</TileColor>
    </tile>
  </msapplication>
</browserconfig>